question,answer
Quais sao os ingredientes do Condotril,"Os ingredientes do Condotril são:

- Agente de volume: Maltodextrina
- Sulfato de glucosamina (marinho)
- Sulfato de condroitina
- Agente de volume: Fosfato dicálico
- Cartilagem de tubarão
- Aroma de laranja
- Metilsulfonilmetano (MSM)
- Extrato seco de Bambusa vulgaris (Bambu), exsudado do caule, doseado a 75% de Sílica
- Extrato seco de Harpagophytum procumbens (Harpago), raiz, doseado a 2% de Harpágidos
- Acidificante: Ácido cítrico
- Colageno hidrolisado tipo I
- Vitamina C (Ácido t-ascorbico)
- Antiaglomerante: Dióxido de silício
- Gluconmato de manganês (Manganês)
- Hialuronato de sódio (Ácido hialurônico)
- Edulcorante: Sucralose

Além disso, o Condotril também contém os seguintes ingredientes em quantidades diárias:

- Sulfato de Glucosamina: 750 mg
- Sulfato de Condroitina: 300 mg
- Cartilagem de tubarão: 150 mg
- Metilsulfonilmetano (MSM): 120 mg
- Sílica: 90 mg
- Extrato seco de Harpagophytum procumbens (Harpago): 75mg
- Colageno Hidrolisado Tipo I: 60 mg
- Vitamina C: 30 mg
- Manganês: 1mg
- Ácido hialurônico: 6 mg"
Qual é a diferença entre Duobiotic e Neurofil?,"O Duobiotic é um suplemento alimentar que contém lactobacilos e bifidobactérias, enriquecido com açúcares não digeríveis e vitaminas. Já o Neurofil parece ser uma substância relacionada ao sistema nervoso, mas não há informações suficientes para compará-los diretamente.

No entanto, é importante notar que o Duobiotic é um suplemento alimentar destinado a complementar e/ou a suplementar o regime alimentar normal, enquanto o Neurofil parece ser uma substância relacionada ao sistema nervoso. Portanto, eles têm objetivos e funções diferentes.

Se você está procurando por informações sobre o Duobiotic ou o Neurofil, recomendo consultar um profissional de saúde ou realizar pesquisas adicionais para obter mais informações precisas."
